x,good,bad,total,good_pct,bad_pct,total_pct,bad_rate,woe,iv
"[0.0, 0.21)",0.0,0.0,0,0.0,0.0,0.0,0.0,0.0,0.0
"[0.21, 1.5)",2.0,12.0,14,0.0047169811320754715,0.041379310344827586,0.0196078431372549,0.8571428571428571,-2.171612001479493,0.07961635412060471
"[1.5, 15.5)",32.0,37.0,69,0.07547169811320754,0.12758620689655173,0.09663865546218488,0.5362318840579711,-0.525034542095936,0.027361917255617752
"[15.5, 18.5)",35.0,21.0,56,0.08254716981132075,0.07241379310344828,0.0784313725490196,0.375,0.13097309151455255,0.001327199674911616
"[18.5, 21.5)",48.0,17.0,65,0.11320754716981132,0.05862068965517241,0.09103641456582633,0.26153846153846155,0.6581351346002369,0.03592552881780083
"[21.5, 80.1)",307.0,203.0,510,0.7240566037735849,0.7,0.7142857142857143,0.3980392156862745,0.033789236293971785,0.0008128542693361164
